Id,Survived,Name,Age,Sex,Ticket,Fare
1,False,"Braund, Mr. Owen Harris",22.0,male,A/5 21171,7.25
2,True,"Cumings, Mrs. John Bradley (Florence Briggs Thayer)",38.0,female,PC 17599,71.2833
3,True,"Heikkinen, Miss. Laina",26.0,female,STON/O2. 3101282,7.925
4,True,"Futrelle, Mrs. Jacques Heath (Lily May Peel)",35.0,female,113803,53.1
5,False,"Allen, Mr. William Henry",35.0,male,373450,8.05
6,False,"Moran, Mr. James",N/A,male,330877,8.4583
7,False,"McCarthy, Mr. Timothy J",54.0,male,17463,51.8625
8,False,"Palsson, Master. Gosta Leonard",2.0,male,349909,21.075
9,True,"Johnson, Mrs. Oscar W (Elisabeth Vilhelmina Berg)",27.0,female,347742,11.1333
10,True,"Nasser, Mrs. Nicholas (Adele Achem)",14.0,female,237736,30.0708
11,True,"Sandstrom, Miss. Marguerite Rut",4.0,female,PP 9549,16.7
12,True,"Bonnell, Miss. Elizabeth",58.0,female,113783,26.55
13,False,"Saundercock, Mr. William Henry",20.0,male,A/5. 2151,8.05
14,False,"Andersson, Mr. Anders Johan",39.0,male,347082,31.275
15,False,"Vestrom, Miss. Hulda Amanda Adolfina",14.0,female,350406,7.8542
16,True,"Hewlett, Mrs. (Mary D Kingcome) ",55.0,female,248706,16.0
17,False,"Rice, Master. Eugene",2.0,male,382652,29.125
18,True,"Williams, Mr. Charles Eugene",N/A,male,244373,13.0
19,False,"Vander Planke, Mrs. Julius (Emelia Maria Vandemoortele)",31.0,female,345763,18.0
20,True,"Masselmani, Mrs. Fatima",N/A,female,2649,7.225
21,False,"Fynney, Mr. Joseph J",35.0,male,239865,26.0
22,True,"Beesley, Mr. Lawrence",34.0,male,248698,13.0
23,True,"McGowan, Miss. Anna ""Annie""",15.0,female,330923,8.0292
24,True,"Sloper, Mr. William Thompson",28.0,male,113788,35.5
25,False,"Palsson, Miss. Torborg Danira",8.0,female,349909,21.075
26,True,"Asplund, Mrs. Carl Oscar (Selma Augusta Emilia Johansson)",38.0,female,347077,31.3875
27,False,"Emir, Mr. Farred Chehab",N/A,male,2631,7.225
28,False,"Fortune, Mr. Charles Alexander",19.0,male,19950,263.0
29,True,"O'Dwyer, Miss. Ellen ""Nellie""",N/A,female,330959,7.8792
30,False,"Todoroff, Mr. Lalio",N/A,male,349216,7.8958
31,False,"Uruchurtu, Don. Manuel E",40.0,male,PC 17601,27.7208
32,True,"Spencer, Mrs. William Augustus (Marie Eugenie)",N/A,female,PC 17569,146.5208
33,True,"Glynn, Miss. Mary Agatha",N/A,female,335677,7.75
34,False,"Wheadon, Mr. Edward H",66.0,male,C.A. 24579,10.5
35,False,"Meyer, Mr. Edgar Joseph",28.0,male,PC 17604,82.1708
36,False,"Holverson, Mr. Alexander Oskar",42.0,male,113789,52.0
37,True,"Mamee, Mr. Hanna",N/A,male,2677,7.2292
38,False,"Cann, Mr. Ernest Charles",21.0,male,A./5. 2152,8.05
39,False,"Vander Planke, Miss. Augusta Maria",18.0,female,345764,18.0
40,True,"Nicola-Yarred, Miss. Jamila",14.0,female,2651,11.2417
41,False,"Ahlin, Mrs. Johan (Johanna Persdotter Larsson)",40.0,female,7546,9.475
42,False,"Turpin, Mrs. William John Robert (Dorothy Ann Wonnacott)",27.0,female,11668,21.0
43,False,"Kraeff, Mr. Theodor",N/A,male,349253,7.8958
44,True,"Laroche, Miss. Simonne Marie Anne Andree",3.0,female,SC/Paris 2123,41.5792
45,True,"Devaney, Miss. Margaret Delia",19.0,female,330958,7.8792
46,False,"Rogers, Mr. William John",N/A,male,S.C./A.4. 23567,8.05
47,False,"Lennon, Mr. Denis",N/A,male,370371,15.5
48,True,"O'Driscoll, Miss. Bridget",N/A,female,14311,7.75
49,False,"Samaan, Mr. Youssef",N/A,male,2662,21.6792
50,False,"Arnold-Franchi, Mrs. Josef (Josefine Franchi)",18.0,female,349237,17.8
51,False,"Panula, Master. Juha Niilo",7.0,male,3101295,39.6875
52,False,"Nosworthy, Mr. Richard Cater",21.0,male,A/4. 39886,7.8
53,True,"Harper, Mrs. Henry Sleeper (Myna Haxtun)",49.0,female,PC 17572,76.7292
54,True,"Faunthorpe, Mrs. Lizzie (Elizabeth Anne Wilkinson)",29.0,female,2926,26.0
55,False,"Ostby, Mr. Engelhart Cornelius",65.0,male,113509,61.9792
56,True,"Woolner, Mr. Hugh",N/A,male,19947,35.5
57,True,"Rugg, Miss. Emily",21.0,female,C.A. 31026,10.5
58,False,"Novel, Mr. Mansouer",28.5,male,2697,7.2292
59,True,"West, Miss. Constance Mirium",5.0,female,C.A. 34651,27.75
60,False,"Goodwin, Master. William Frederick",11.0,male,CA 2144,46.9
61,False,"Sirayanian, Mr. Orsen",22.0,male,2669,7.2292
62,True,"Icard, Miss. Amelie",38.0,female,113572,80.0
63,False,"Harris, Mr. Henry Birkhardt",45.0,male,36973,83.475
64,False,"Skoog, Master. Harald",4.0,male,347088,27.9
65,False,"Stewart, Mr. Albert A",N/A,male,PC 17605,27.7208
66,True,"Moubarek, Master. Gerios",N/A,male,2661,15.2458
67,True,"Nye, Mrs. (Elizabeth Ramell)",29.0,female,C.A. 29395,10.5
68,False,"Crease, Mr. Ernest James",19.0,male,S.P. 3464,8.1583
69,True,"Andersson, Miss. Erna Alexandra",17.0,female,3101281,7.925
70,False,"Kink, Mr. Vincenz",26.0,male,315151,8.6625
71,False,"Jenkin, Mr. Stephen Curnow",32.0,male,C.A. 33111,10.5
72,False,"Goodwin, Miss. Lillian Amy",16.0,female,CA 2144,46.9
73,False,"Hood, Mr. Ambrose Jr",21.0,male,S.O.C. 14879,73.5
74,False,"Chronopoulos, Mr. Apostolos",26.0,male,2680,14.4542
75,True,"Bing, Mr. Lee",32.0,male,1601,56.4958
76,False,"Moen, Mr. Sigurd Hansen",25.0,male,348123,7.65
77,False,"Staneff, Mr. Ivan",N/A,male,349208,7.8958
78,False,"Moutal, Mr. Rahamin Haim",N/A,male,374746,8.05
79,True,"Caldwell, Master. Alden Gates",0.83,male,248738,29.0
80,True,"Dowdell, Miss. Elizabeth",30.0,female,364516,12.475
81,False,"Waelens, Mr. Achille",22.0,male,345767,9.0
82,True,"Sheerlinck, Mr. Jan Baptist",29.0,male,345779,9.5
83,True,"McDermott, Miss. Brigdet Delia",N/A,female,330932,7.7875
84,False,"Carrau, Mr. Francisco M",28.0,male,113059,47.1
85,True,"Ilett, Miss. Bertha",17.0,female,SO/C 14885,10.5
86,True,"Backstrom, Mrs. Karl Alfred (Maria Mathilda Gustafsson)",33.0,female,3101278,15.85
87,False,"Ford, Mr. William Neal",16.0,male,W./C. 6608,34.375
88,False,"Slocovski, Mr. Selman Francis",N/A,male,SOTON/OQ 392086,8.05
89,True,"Fortune, Miss. Mabel Helen",23.0,female,19950,263.0
90,False,"Celotti, Mr. Francesco",24.0,male,343275,8.05
91,False,"Christmann, Mr. Emil",29.0,male,343276,8.05
92,False,"Andreasson, Mr. Paul Edvin",20.0,male,347466,7.8542
93,False,"Chaffee, Mr. Herbert Fuller",46.0,male,W.E.P. 5734,61.175
94,False,"Dean, Mr. Bertram Frank",26.0,male,C.A. 2315,20.575
95,False,"Coxon, Mr. Daniel",59.0,male,364500,7.25
96,False,"Shorney, Mr. Charles Joseph",N/A,male,374910,8.05
97,False,"Goldschmidt, Mr. George B",71.0,male,PC 17754,34.6542
98,True,"Greenfield, Mr. William Bertram",23.0,male,PC 17759,63.3583
99,True,"Doling, Mrs. John T (Ada Julia Bone)",34.0,female,231919,23.0
100,False,"Kantor, Mr. Sinai",34.0,male,244367,26.0
101,False,"Petranec, Miss. Matilda",28.0,female,349245,7.8958
102,False,"Petroff, Mr. Pastcho (""Pentcho"")",N/A,male,349215,7.8958
103,False,"White, Mr. Richard Frasar",21.0,male,35281,77.2875
104,False,"Johansson, Mr. Gustaf Joel",33.0,male,7540,8.6542
105,False,"Gustafsson, Mr. Anders Vilhelm",37.0,male,3101276,7.925
106,False,"Mionoff, Mr. Stoytcho",28.0,male,349207,7.8958
107,True,"Salkjelsvik, Miss. Anna Kristine",21.0,female,343120,7.65
108,True,"Moss, Mr. Albert Johan",N/A,male,312991,7.775
109,False,"Rekic, Mr. Tido",38.0,male,349249,7.8958
110,True,"Moran, Miss. Bertha",N/A,female,371110,24.15
111,False,"Porter, Mr. Walter Chamberlain",47.0,male,110465,52.0
112,False,"Zabour, Miss. Hileni",14.5,female,2665,14.4542
113,False,"Barton, Mr. David John",22.0,male,324669,8.05
114,False,"Jussila, Miss. Katriina",20.0,female,4136,9.825
115,False,"Attalah, Miss. Malake",17.0,female,2627,14.4583
116,False,"Pekoniemi, Mr. Edvard",21.0,male,STON/O 2. 3101294,7.925
117,False,"Connors, Mr. Patrick",70.5,male,370369,7.75
118,False,"Turpin, Mr. William John Robert",29.0,male,11668,21.0
119,False,"Baxter, Mr. Quigg Edmond",24.0,male,PC 17558,247.5208
120,False,"Andersson, Miss. Ellis Anna Maria",2.0,female,347082,31.275
121,False,"Hickman, Mr. Stanley George",21.0,male,S.O.C. 14879,73.5
122,False,"Moore, Mr. Leonard Charles",N/A,male,A4. 54510,8.05
123,False,"Nasser, Mr. Nicholas",32.5,male,237736,30.0708
124,True,"Webber, Miss. Susan",32.5,female,27267,13.0
125,False,"White, Mr. Percival Wayland",54.0,male,35281,77.2875
126,True,"Nicola-Yarred, Master. Elias",12.0,male,2651,11.2417
127,False,"McMahon, Mr. Martin",N/A,male,370372,7.75
128,True,"Madsen, Mr. Fridtjof Arne",24.0,male,C 17369,7.1417
129,True,"Peter, Miss. Anna",N/A,female,2668,22.3583
130,False,"Ekstrom, Mr. Johan",45.0,male,347061,6.975
131,False,"Drazenoic, Mr. Jozef",33.0,male,349241,7.8958
132,False,"Coelho, Mr. Domingos Fernandeo",20.0,male,SOTON/O.Q. 3101307,7.05
133,False,"Robins, Mrs. Alexander A (Grace Charity Laury)",47.0,female,A/5. 3337,14.5
134,True,"Weisz, Mrs. Leopold (Mathilde Francoise Pede)",29.0,female,228414,26.0
135,False,"Sobey, Mr. Samuel James Hayden",25.0,male,C.A. 29178,13.0
136,False,"Richard, Mr. Emile",23.0,male,SC/PARIS 2133,15.0458
137,True,"Newsom, Miss. Helen Monypeny",19.0,female,11752,26.2833
138,False,"Futrelle, Mr. Jacques Heath",37.0,male,113803,53.1
139,False,"Osen, Mr. Olaf Elon",16.0,male,7534,9.2167
140,False,"Giglio, Mr. Victor",24.0,male,PC 17593,79.2
141,False,"Boulos, Mrs. Joseph (Sultana)",N/A,female,2678,15.2458
142,True,"Nysten, Miss. Anna Sofia",22.0,female,347081,7.75
143,True,"Hakkarainen, Mrs. Pekka Pietari (Elin Matilda Dolck)",24.0,female,STON/O2. 3101279,15.85
144,False,"Burke, Mr. Jeremiah",19.0,male,365222,6.75
145,False,"Andrew, Mr. Edgardo Samuel",18.0,male,231945,11.5
146,False,"Nicholls, Mr. Joseph Charles",19.0,male,C.A. 33112,36.75
147,True,"Andersson, Mr. August Edvard (""Wennerstrom"")",27.0,male,350043,7.7958
148,False,"Ford, Miss. Robina Maggie ""Ruby""",9.0,female,W./C. 6608,34.375
149,False,"Navratil, Mr. Michel (""Louis M Hoffman"")",36.5,male,230080,26.0
150,False,"Byles, Rev. Thomas Roussel Davids",42.0,male,244310,13.0
151,False,"Bateman, Rev. Robert James",51.0,male,S.O.P. 1166,12.525
152,True,"Pears, Mrs. Thomas (Edith Wearne)",22.0,female,113776,66.6
153,False,"Meo, Mr. Alfonzo",55.5,male,A.5. 11206,8.05
154,False,"van Billiard, Mr. Austin Blyler",40.5,male,A/5. 851,14.5
155,False,"Olsen, Mr. Ole Martin",N/A,male,Fa 265302,7.3125
156,False,"Williams, Mr. Charles Duane",51.0,male,PC 17597,61.3792
157,True,"Gilnagh, Miss. Katherine ""Katie""",16.0,female,35851,7.7333
158,False,"Corn, Mr. Harry",30.0,male,SOTON/OQ 392090,8.05
159,False,"Smiljanic, Mr. Mile",N/A,male,315037,8.6625
160,False,"Sage, Master. Thomas Henry",N/A,male,CA. 2343,69.55
161,False,"Cribb, Mr. John Hatfield",44.0,male,371362,16.1
162,True,"Watt, Mrs. James (Elizabeth ""Bessie"" Inglis Milne)",40.0,female,C.A. 33595,15.75
163,False,"Bengtsson, Mr. John Viktor",26.0,male,347068,7.775
164,False,"Calic, Mr. Jovo",17.0,male,315093,8.6625
165,False,"Panula, Master. Eino Viljami",1.0,male,3101295,39.6875
166,True,"Goldsmith, Master. Frank John William ""Frankie""",9.0,male,363291,20.525
167,True,"Chibnall, Mrs. (Edith Martha Bowerman)",N/A,female,113505,55.0
168,False,"Skoog, Mrs. William (Anna Bernhardina Karlsson)",45.0,female,347088,27.9
169,False,"Baumann, Mr. John D",N/A,male,PC 17318,25.925
170,False,"Ling, Mr. Lee",28.0,male,1601,56.4958
171,False,"Van der hoef, Mr. Wyckoff",61.0,male,111240,33.5
172,False,"Rice, Master. Arthur",4.0,male,382652,29.125
173,True,"Johnson, Miss. Eleanor Ileen",1.0,female,347742,11.1333
174,False,"Sivola, Mr. Antti Wilhelm",21.0,male,STON/O 2. 3101280,7.925
175,False,"Smith, Mr. James Clinch",56.0,male,17764,30.6958
176,False,"Klasen, Mr. Klas Albin",18.0,male,350404,7.8542
177,False,"Lefebre, Master. Henry Forbes",N/A,male,4133,25.4667
178,False,"Isham, Miss. Ann Elizabeth",50.0,female,PC 17595,28.7125
179,False,"Hale, Mr. Reginald",30.0,male,250653,13.0
180,False,"Leonard, Mr. Lionel",36.0,male,LINE,0.0
181,False,"Sage, Miss. Constance Gladys",N/A,female,CA. 2343,69.55
182,False,"Pernot, Mr. Rene",N/A,male,SC/PARIS 2131,15.05
183,False,"Asplund, Master. Clarence Gustaf Hugo",9.0,male,347077,31.3875
184,True,"Becker, Master. Richard F",1.0,male,230136,39.0
185,True,"Kink-Heilmann, Miss. Luise Gretchen",4.0,female,315153,22.025
186,False,"Rood, Mr. Hugh Roscoe",N/A,male,113767,50.0
187,True,"O'Brien, Mrs. Thomas (Johanna ""Hannah"" Godfrey)",N/A,female,370365,15.5
188,True,"Romaine, Mr. Charles Hallace (""Mr C Rolmane"")",45.0,male,111428,26.55
189,False,"Bourke, Mr. John",40.0,male,364849,15.5
190,False,"Turcin, Mr. Stjepan",36.0,male,349247,7.8958
191,True,"Pinsky, Mrs. (Rosa)",32.0,female,234604,13.0
192,False,"Carbines, Mr. William",19.0,male,28424,13.0
193,True,"Andersen-Jensen, Miss. Carla Christine Nielsine",19.0,female,350046,7.8542
194,True,"Navratil, Master. Michel M",3.0,male,230080,26.0
195,True,"Brown, Mrs. James Joseph (Margaret Tobin)",44.0,female,PC 17610,27.7208
196,True,"Lurette, Miss. Elise",58.0,female,PC 17569,146.5208
197,False,"Mernagh, Mr. Robert",N/A,male,368703,7.75
198,False,"Olsen, Mr. Karl Siegwart Andreas",42.0,male,4579,8.4042
199,True,"Madigan, Miss. Margaret ""Maggie""",N/A,female,370370,7.75
200,False,"Yrois, Miss. Henriette (""Mrs Harbeck"")",24.0,female,248747,13.0
201,False,"Vande Walle, Mr. Nestor Cyriel",28.0,male,345770,9.5
202,False,"Sage, Mr. Frederick",N/A,male,CA. 2343,69.55
203,False,"Johanson, Mr. Jakob Alfred",34.0,male,3101264,6.4958
204,False,"Youseff, Mr. Gerious",45.5,male,2628,7.225
205,True,"Cohen, Mr. Gurshon ""Gus""",18.0,male,A/5 3540,8.05
206,False,"Strom, Miss. Telma Matilda",2.0,female,347054,10.4625
207,False,"Backstrom, Mr. Karl Alfred",32.0,male,3101278,15.85
208,True,"Albimona, Mr. Nassef Cassem",26.0,male,2699,18.7875
209,True,"Carr, Miss. Helen ""Ellen""",16.0,female,367231,7.75
210,True,"Blank, Mr. Henry",40.0,male,112277,31.0
211,False,"Ali, Mr. Ahmed",24.0,male,SOTON/O.Q. 3101311,7.05
212,True,"Cameron, Miss. Clear Annie",35.0,female,F.C.C. 13528,21.0
213,False,"Perkin, Mr. John Henry",22.0,male,A/5 21174,7.25
214,False,"Givard, Mr. Hans Kristensen",30.0,male,250646,13.0
215,False,"Kiernan, Mr. Philip",N/A,male,367229,7.75
216,True,"Newell, Miss. Madeleine",31.0,female,35273,113.275
217,True,"Honkanen, Miss. Eliina",27.0,female,STON/O2. 3101283,7.925
218,False,"Jacobsohn, Mr. Sidney Samuel",42.0,male,243847,27.0
219,True,"Bazzani, Miss. Albina",32.0,female,11813,76.2917
220,False,"Harris, Mr. Walter",30.0,male,W/C 14208,10.5
221,True,"Sunderland, Mr. Victor Francis",16.0,male,SOTON/OQ 392089,8.05
222,False,"Bracken, Mr. James H",27.0,male,220367,13.0
223,False,"Green, Mr. George Henry",51.0,male,21440,8.05
224,False,"Nenkoff, Mr. Christo",N/A,male,349234,7.8958
225,True,"Hoyt, Mr. Frederick Maxfield",38.0,male,19943,90.0
226,False,"Berglund, Mr. Karl Ivar Sven",22.0,male,PP 4348,9.35
227,True,"Mellors, Mr. William John",19.0,male,SW/PP 751,10.5
228,False,"Lovell, Mr. John Hall (""Henry"")",20.5,male,A/5 21173,7.25
229,False,"Fahlstrom, Mr. Arne Jonas",18.0,male,236171,13.0
230,False,"Lefebre, Miss. Mathilde",N/A,female,4133,25.4667
231,True,"Harris, Mrs. Henry Birkhardt (Irene Wallach)",35.0,female,36973,83.475
232,False,"Larsson, Mr. Bengt Edvin",29.0,male,347067,7.775
233,False,"Sjostedt, Mr. Ernst Adolf",59.0,male,237442,13.5
234,True,"Asplund, Miss. Lillian Gertrud",5.0,female,347077,31.3875
235,False,"Leyson, Mr. Robert William Norman",24.0,male,C.A. 29566,10.5
236,False,"Harknett, Miss. Alice Phoebe",N/A,female,W./C. 6609,7.55
237,False,"Hold, Mr. Stephen",44.0,male,26707,26.0
238,True,"Collyer, Miss. Marjorie ""Lottie""",8.0,female,C.A. 31921,26.25
239,False,"Pengelly, Mr. Frederick William",19.0,male,28665,10.5
240,False,"Hunt, Mr. George Henry",33.0,male,SCO/W 1585,12.275
241,False,"Zabour, Miss. Thamine",N/A,female,2665,14.4542
242,True,"Murphy, Miss. Katherine ""Kate""",N/A,female,367230,15.5
243,False,"Coleridge, Mr. Reginald Charles",29.0,male,W./C. 14263,10.5
244,False,"Maenpaa, Mr. Matti Alexanteri",22.0,male,STON/O 2. 3101275,7.125
245,False,"Attalah, Mr. Sleiman",30.0,male,2694,7.225
246,False,"Minahan, Dr. William Edward",44.0,male,19928,90.0
247,False,"Lindahl, Miss. Agda Thorilda Viktoria",25.0,female,347071,7.775
248,True,"Hamalainen, Mrs. William (Anna)",24.0,female,250649,14.5
249,True,"Beckwith, Mr. Richard Leonard",37.0,male,11751,52.5542
250,False,"Carter, Rev. Ernest Courtenay",54.0,male,244252,26.0
251,False,"Reed, Mr. James George",N/A,male,362316,7.25
252,False,"Strom, Mrs. Wilhelm (Elna Matilda Persson)",29.0,female,347054,10.4625
253,False,"Stead, Mr. William Thomas",62.0,male,113514,26.55
254,False,"Lobb, Mr. William Arthur",30.0,male,A/5. 3336,16.1
255,False,"Rosblom, Mrs. Viktor (Helena Wilhelmina)",41.0,female,370129,20.2125
256,True,"Touma, Mrs. Darwis (Hanne Youssef Razi)",29.0,female,2650,15.2458
257,True,"Thorne, Mrs. Gertrude Maybelle",N/A,female,PC 17585,79.2
258,True,"Cherry, Miss. Gladys",30.0,female,110152,86.5
259,True,"Ward, Miss. Anna",35.0,female,PC 17755,512.3292
260,True,"Parrish, Mrs. (Lutie Davis)",50.0,female,230433,26.0
261,False,"Smith, Mr. Thomas",N/A,male,384461,7.75
262,True,"Asplund, Master. Edvin Rojj Felix",3.0,male,347077,31.3875
263,False,"Taussig, Mr. Emil",52.0,male,110413,79.65
264,False,"Harrison, Mr. William",40.0,male,112059,0.0
265,False,"Henry, Miss. Delia",N/A,female,382649,7.75
266,False,"Reeves, Mr. David",36.0,male,C.A. 17248,10.5
267,False,"Panula, Mr. Ernesti Arvid",16.0,male,3101295,39.6875
268,True,"Persson, Mr. Ernst Ulrik",25.0,male,347083,7.775
269,True,"Graham, Mrs. William Thompson (Edith Junkins)",58.0,female,PC 17582,153.4625
270,True,"Bissette, Miss. Amelia",35.0,female,PC 17760,135.6333
271,False,"Cairns, Mr. Alexander",N/A,male,113798,31.0
272,True,"Tornquist, Mr. William Henry",25.0,male,LINE,0.0
273,True,"Mellinger, Mrs. (Elizabeth Anne Maidment)",41.0,female,250644,19.5
274,False,"Natsch, Mr. Charles H",37.0,male,PC 17596,29.7
275,True,"Healy, Miss. Hanora ""Nora""",N/A,female,370375,7.75
276,True,"Andrews, Miss. Kornelia Theodosia",63.0,female,13502,77.9583
277,False,"Lindblom, Miss. Augusta Charlotta",45.0,female,347073,7.75
278,False,"Parkes, Mr. Francis ""Frank""",N/A,male,239853,0.0
279,False,"Rice, Master. Eric",7.0,male,382652,29.125
280,True,"Abbott, Mrs. Stanton (Rosa Hunt)",35.0,female,C.A. 2673,20.25
281,False,"Duane, Mr. Frank",65.0,male,336439,7.75
282,False,"Olsson, Mr. Nils Johan Goransson",28.0,male,347464,7.8542
283,False,"de Pelsmaeker, Mr. Alfons",16.0,male,345778,9.5
284,True,"Dorking, Mr. Edward Arthur",19.0,male,A/5. 10482,8.05
285,False,"Smith, Mr. Richard William",N/A,male,113056,26.0
286,False,"Stankovic, Mr. Ivan",33.0,male,349239,8.6625
287,True,"de Mulder, Mr. Theodore",30.0,male,345774,9.5
288,False,"Naidenoff, Mr. Penko",22.0,male,349206,7.8958
289,True,"Hosono, Mr. Masabumi",42.0,male,237798,13.0
290,True,"Connolly, Miss. Kate",22.0,female,370373,7.75
291,True,"Barber, Miss. Ellen ""Nellie""",26.0,female,19877,78.85
292,True,"Bishop, Mrs. Dickinson H (Helen Walton)",19.0,female,11967,91.0792
293,False,"Levy, Mr. Rene Jacques",36.0,male,SC/Paris 2163,12.875
294,False,"Haas, Miss. Aloisia",24.0,female,349236,8.85
295,False,"Mineff, Mr. Ivan",24.0,male,349233,7.8958
296,False,"Lewy, Mr. Ervin G",N/A,male,PC 17612,27.7208
297,False,"Hanna, Mr. Mansour",23.5,male,2693,7.2292
298,False,"Allison, Miss. Helen Loraine",2.0,female,113781,151.55
299,True,"Saalfeld, Mr. Adolphe",N/A,male,19988,30.5
300,True,"Baxter, Mrs. James (Helene DeLaudeniere Chaput)",50.0,female,PC 17558,247.5208
301,True,"Kelly, Miss. Anna Katherine ""Annie Kate""",N/A,female,9234,7.75
302,True,"McCoy, Mr. Bernard",N/A,male,367226,23.25
303,False,"Johnson, Mr. William Cahoone Jr",19.0,male,LINE,0.0
304,True,"Keane, Miss. Nora A",N/A,female,226593,12.35
305,False,"Williams, Mr. Howard Hugh ""Harry""",N/A,male,A/5 2466,8.05
306,True,"Allison, Master. Hudson Trevor",0.92,male,113781,151.55
307,True,"Fleming, Miss. Margaret",N/A,female,17421,110.8833
308,True,"Penasco y Castellana, Mrs. Victor de Satode (Maria Josefa Perez de Soto y Vallejo)",17.0,female,PC 17758,108.9
309,False,"Abelson, Mr. Samuel",30.0,male,P/PP 3381,24.0
310,True,"Francatelli, Miss. Laura Mabel",30.0,female,PC 17485,56.9292
311,True,"Hays, Miss. Margaret Bechstein",24.0,female,11767,83.1583
312,True,"Ryerson, Miss. Emily Borie",18.0,female,PC 17608,262.375
313,False,"Lahtinen, Mrs. William (Anna Sylfven)",26.0,female,250651,26.0
314,False,"Hendekovic, Mr. Ignjac",28.0,male,349243,7.8958
315,False,"Hart, Mr. Benjamin",43.0,male,F.C.C. 13529,26.25
316,True,"Nilsson, Miss. Helmina Josefina",26.0,female,347470,7.8542
317,True,"Kantor, Mrs. Sinai (Miriam Sternin)",24.0,female,244367,26.0
318,False,"Moraweck, Dr. Ernest",54.0,male,29011,14.0
319,True,"Wick, Miss. Mary Natalie",31.0,female,36928,164.8667
320,True,"Spedden, Mrs. Frederic Oakley (Margaretta Corning Stone)",40.0,female,16966,134.5
321,False,"Dennis, Mr. Samuel",22.0,male,A/5 21172,7.25
322,False,"Danoff, Mr. Yoto",27.0,male,349219,7.8958
323,True,"Slayter, Miss. Hilda Mary",30.0,female,234818,12.35
324,True,"Caldwell, Mrs. Albert Francis (Sylvia Mae Harbaugh)",22.0,female,248738,29.0
325,False,"Sage, Mr. George John Jr",N/A,male,CA. 2343,69.55
326,True,"Young, Miss. Marie Grice",36.0,female,PC 17760,135.6333
327,False,"Nysveen, Mr. Johan Hansen",61.0,male,345364,6.2375
328,True,"Ball, Mrs. (Ada E Hall)",36.0,female,28551,13.0
329,True,"Goldsmith, Mrs. Frank John (Emily Alice Brown)",31.0,female,363291,20.525
330,True,"Hippach, Miss. Jean Gertrude",16.0,female,111361,57.9792
331,True,"McCoy, Miss. Agnes",N/A,female,367226,23.25
332,False,"Partner, Mr. Austen",45.5,male,113043,28.5
333,False,"Graham, Mr. George Edward",38.0,male,PC 17582,153.4625
334,False,"Vander Planke, Mr. Leo Edmondus",16.0,male,345764,18.0
335,True,"Frauenthal, Mrs. Henry William (Clara Heinsheimer)",N/A,female,PC 17611,133.65
336,False,"Denkoff, Mr. Mitto",N/A,male,349225,7.8958
337,False,"Pears, Mr. Thomas Clinton",29.0,male,113776,66.6
338,True,"Burns, Miss. Elizabeth Margaret",41.0,female,16966,134.5
339,True,"Dahl, Mr. Karl Edwart",45.0,male,7598,8.05
340,False,"Blackwell, Mr. Stephen Weart",45.0,male,113784,35.5
341,True,"Navratil, Master. Edmond Roger",2.0,male,230080,26.0
342,True,"Fortune, Miss. Alice Elizabeth",24.0,female,19950,263.0
343,False,"Collander, Mr. Erik Gustaf",28.0,male,248740,13.0
344,False,"Sedgwick, Mr. Charles Frederick Waddington",25.0,male,244361,13.0
345,False,"Fox, Mr. Stanley Hubert",36.0,male,229236,13.0
346,True,"Brown, Miss. Amelia ""Mildred""",24.0,female,248733,13.0
347,True,"Smith, Miss. Marion Elsie",40.0,female,31418,13.0
348,True,"Davison, Mrs. Thomas Henry (Mary E Finck)",N/A,female,386525,16.1
349,True,"Coutts, Master. William Loch ""William""",3.0,male,C.A. 37671,15.9
350,False,"Dimic, Mr. Jovan",42.0,male,315088,8.6625
351,False,"Odahl, Mr. Nils Martin",23.0,male,7267,9.225
352,False,"Williams-Lambert, Mr. Fletcher Fellows",N/A,male,113510,35.0
353,False,"Elias, Mr. Tannous",15.0,male,2695,7.2292
354,False,"Arnold-Franchi, Mr. Josef",25.0,male,349237,17.8
355,False,"Yousif, Mr. Wazli",N/A,male,2647,7.225
356,False,"Vanden Steen, Mr. Leo Peter",28.0,male,345783,9.5
357,True,"Bowerman, Miss. Elsie Edith",22.0,female,113505,55.0
358,False,"Funk, Miss. Annie Clemmer",38.0,female,237671,13.0
359,True,"McGovern, Miss. Mary",N/A,female,330931,7.8792
360,True,"Mockler, Miss. Helen Mary ""Ellie""",N/A,female,330980,7.8792
361,False,"Skoog, Mr. Wilhelm",40.0,male,347088,27.9
362,False,"del Carlo, Mr. Sebastiano",29.0,male,SC/PARIS 2167,27.7208
363,False,"Barbara, Mrs. (Catherine David)",45.0,female,2691,14.4542
364,False,"Asim, Mr. Adola",35.0,male,SOTON/O.Q. 3101310,7.05
365,False,"O'Brien, Mr. Thomas",N/A,male,370365,15.5
366,False,"Adahl, Mr. Mauritz Nils Martin",30.0,male,C 7076,7.25
367,True,"Warren, Mrs. Frank Manley (Anna Sophia Atkinson)",60.0,female,110813,75.25
368,True,"Moussa, Mrs. (Mantoura Boulos)",N/A,female,2626,7.2292
369,True,"Jermyn, Miss. Annie",N/A,female,14313,7.75
370,True,"Aubart, Mme. Leontine Pauline",24.0,female,PC 17477,69.3
371,True,"Harder, Mr. George Achilles",25.0,male,11765,55.4417
372,False,"Wiklund, Mr. Jakob Alfred",18.0,male,3101267,6.4958
373,False,"Beavan, Mr. William Thomas",19.0,male,323951,8.05
374,False,"Ringhini, Mr. Sante",22.0,male,PC 17760,135.6333
375,False,"Palsson, Miss. Stina Viola",3.0,female,349909,21.075
376,True,"Meyer, Mrs. Edgar Joseph (Leila Saks)",N/A,female,PC 17604,82.1708
377,True,"Landergren, Miss. Aurora Adelia",22.0,female,C 7077,7.25
378,False,"Widener, Mr. Harry Elkins",27.0,male,113503,211.5
379,False,"Betros, Mr. Tannous",20.0,male,2648,4.0125
380,False,"Gustafsson, Mr. Karl Gideon",19.0,male,347069,7.775
381,True,"Bidois, Miss. Rosalie",42.0,female,PC 17757,227.525
382,True,"Nakid, Miss. Maria (""Mary"")",1.0,female,2653,15.7417
383,False,"Tikkanen, Mr. Juho",32.0,male,STON/O 2. 3101293,7.925
384,True,"Holverson, Mrs. Alexander Oskar (Mary Aline Towner)",35.0,female,113789,52.0
385,False,"Plotcharsky, Mr. Vasil",N/A,male,349227,7.8958
386,False,"Davies, Mr. Charles Henry",18.0,male,S.O.C. 14879,73.5
387,False,"Goodwin, Master. Sidney Leonard",1.0,male,CA 2144,46.9
388,True,"Buss, Miss. Kate",36.0,female,27849,13.0
389,False,"Sadlier, Mr. Matthew",N/A,male,367655,7.7292
390,True,"Lehmann, Miss. Bertha",17.0,female,SC 1748,12.0
391,True,"Carter, Mr. William Ernest",36.0,male,113760,120.0
392,True,"Jansson, Mr. Carl Olof",21.0,male,350034,7.7958
393,False,"Gustafsson, Mr. Johan Birger",28.0,male,3101277,7.925
394,True,"Newell, Miss. Marjorie",23.0,female,35273,113.275
395,True,"Sandstrom, Mrs. Hjalmar (Agnes Charlotta Bengtsson)",24.0,female,PP 9549,16.7
396,False,"Johansson, Mr. Erik",22.0,male,350052,7.7958
397,False,"Olsson, Miss. Elina",31.0,female,350407,7.8542
398,False,"McKane, Mr. Peter David",46.0,male,28403,26.0
399,False,"Pain, Dr. Alfred",23.0,male,244278,10.5
400,True,"Trout, Mrs. William H (Jessie L)",28.0,female,240929,12.65
401,True,"Niskanen, Mr. Juha",39.0,male,STON/O 2. 3101289,7.925
402,False,"Adams, Mr. John",26.0,male,341826,8.05
403,False,"Jussila, Miss. Mari Aina",21.0,female,4137,9.825
404,False,"Hakkarainen, Mr. Pekka Pietari",28.0,male,STON/O2. 3101279,15.85
405,False,"Oreskovic, Miss. Marija",20.0,female,315096,8.6625
406,False,"Gale, Mr. Shadrach",34.0,male,28664,21.0
407,False,"Widegren, Mr. Carl/Charles Peter",51.0,male,347064,7.75
408,True,"Richards, Master. William Rowe",3.0,male,29106,18.75
409,False,"Birkeland, Mr. Hans Martin Monsen",21.0,male,312992,7.775
410,False,"Lefebre, Miss. Ida",N/A,female,4133,25.4667
411,False,"Sdycoff, Mr. Todor",N/A,male,349222,7.8958
412,False,"Hart, Mr. Henry",N/A,male,394140,6.8583
413,True,"Minahan, Miss. Daisy E",33.0,female,19928,90.0
414,False,"Cunningham, Mr. Alfred Fleming",N/A,male,239853,0.0
415,True,"Sundman, Mr. Johan Julian",44.0,male,STON/O 2. 3101269,7.925
416,False,"Meek, Mrs. Thomas (Annie Louise Rowley)",N/A,female,343095,8.05
417,True,"Drew, Mrs. James Vivian (Lulu Thorne Christian)",34.0,female,28220,32.5
418,True,"Silven, Miss. Lyyli Karoliina",18.0,female,250652,13.0
419,False,"Matthews, Mr. William John",30.0,male,28228,13.0
420,False,"Van Impe, Miss. Catharina",10.0,female,345773,24.15
421,False,"Gheorgheff, Mr. Stanio",N/A,male,349254,7.8958
422,False,"Charters, Mr. David",21.0,male,A/5. 13032,7.7333
423,False,"Zimmerman, Mr. Leo",29.0,male,315082,7.875
424,False,"Danbom, Mrs. Ernst Gilbert (Anna Sigrid Maria Brogren)",28.0,female,347080,14.4
425,False,"Rosblom, Mr. Viktor Richard",18.0,male,370129,20.2125
426,False,"Wiseman, Mr. Phillippe",N/A,male,A/4. 34244,7.25
427,True,"Clarke, Mrs. Charles V (Ada Maria Winfield)",28.0,female,2003,26.0
428,True,"Phillips, Miss. Kate Florence (""Mrs Kate Louise Phillips Marshall"")",19.0,female,250655,26.0
429,False,"Flynn, Mr. James",N/A,male,364851,7.75
430,True,"Pickard, Mr. Berk (Berk Trembisky)",32.0,male,SOTON/O.Q. 392078,8.05
431,True,"Bjornstrom-Steffansson, Mr. Mauritz Hakan",28.0,male,110564,26.55
432,True,"Thorneycroft, Mrs. Percival (Florence Kate White)",N/A,female,376564,16.1
433,True,"Louch, Mrs. Charles Alexander (Alice Adelaide Slow)",42.0,female,SC/AH 3085,26.0
434,False,"Kallio, Mr. Nikolai Erland",17.0,male,STON/O 2. 3101274,7.125
435,False,"Silvey, Mr. William Baird",50.0,male,13507,55.9
436,True,"Carter, Miss. Lucile Polk",14.0,female,113760,120.0
437,False,"Ford, Miss. Doolina Margaret ""Daisy""",21.0,female,W./C. 6608,34.375
438,True,"Richards, Mrs. Sidney (Emily Hocking)",24.0,female,29106,18.75
439,False,"Fortune, Mr. Mark",64.0,male,19950,263.0
440,False,"Kvillner, Mr. Johan Henrik Johannesson",31.0,male,C.A. 18723,10.5
441,True,"Hart, Mrs. Benjamin (Esther Ada Bloomfield)",45.0,female,F.C.C. 13529,26.25
442,False,"Hampe, Mr. Leon",20.0,male,345769,9.5
443,False,"Petterson, Mr. Johan Emil",25.0,male,347076,7.775
444,True,"Reynaldo, Ms. Encarnacion",28.0,female,230434,13.0
445,True,"Johannesen-Bratthammer, Mr. Bernt",N/A,male,65306,8.1125
446,True,"Dodge, Master. Washington",4.0,male,33638,81.8583
447,True,"Mellinger, Miss. Madeleine Violet",13.0,female,250644,19.5
448,True,"Seward, Mr. Frederic Kimber",34.0,male,113794,26.55
449,True,"Baclini, Miss. Marie Catherine",5.0,female,2666,19.2583
450,True,"Peuchen, Major. Arthur Godfrey",52.0,male,113786,30.5
451,False,"West, Mr. Edwy Arthur",36.0,male,C.A. 34651,27.75
452,False,"Hagland, Mr. Ingvald Olai Olsen",N/A,male,65303,19.9667
453,False,"Foreman, Mr. Benjamin Laventall",30.0,male,113051,27.75
454,True,"Goldenberg, Mr. Samuel L",49.0,male,17453,89.1042
455,False,"Peduzzi, Mr. Joseph",N/A,male,A/5 2817,8.05
456,True,"Jalsevac, Mr. Ivan",29.0,male,349240,7.8958
457,False,"Millet, Mr. Francis Davis",65.0,male,13509,26.55
458,True,"Kenyon, Mrs. Frederick R (Marion)",N/A,female,17464,51.8625
459,True,"Toomey, Miss. Ellen",50.0,female,F.C.C. 13531,10.5
460,False,"O'Connor, Mr. Maurice",N/A,male,371060,7.75
461,True,"Anderson, Mr. Harry",48.0,male,19952,26.55
462,False,"Morley, Mr. William",34.0,male,364506,8.05
463,False,"Gee, Mr. Arthur H",47.0,male,111320,38.5
464,False,"Milling, Mr. Jacob Christian",48.0,male,234360,13.0
465,False,"Maisner, Mr. Simon",N/A,male,A/S 2816,8.05
466,False,"Goncalves, Mr. Manuel Estanslas",38.0,male,SOTON/O.Q. 3101306,7.05
467,False,"Campbell, Mr. William",N/A,male,239853,0.0
468,False,"Smart, Mr. John Montgomery",56.0,male,113792,26.55
469,False,"Scanlan, Mr. James",N/A,male,36209,7.725
470,True,"Baclini, Miss. Helene Barbara",0.75,female,2666,19.2583
471,False,"Keefe, Mr. Arthur",N/A,male,323592,7.25
472,False,"Cacic, Mr. Luka",38.0,male,315089,8.6625
473,True,"West, Mrs. Edwy Arthur (Ada Mary Worth)",33.0,female,C.A. 34651,27.75
474,True,"Jerwan, Mrs. Amin S (Marie Marthe Thuillard)",23.0,female,SC/AH Basle 541,13.7917
475,False,"Strandberg, Miss. Ida Sofia",22.0,female,7553,9.8375
476,False,"Clifford, Mr. George Quincy",N/A,male,110465,52.0
477,False,"Renouf, Mr. Peter Henry",34.0,male,31027,21.0
478,False,"Braund, Mr. Lewis Richard",29.0,male,3460,7.0458
479,False,"Karlsson, Mr. Nils August",22.0,male,350060,7.5208
480,True,"Hirvonen, Miss. Hildur E",2.0,female,3101298,12.2875
481,False,"Goodwin, Master. Harold Victor",9.0,male,CA 2144,46.9
482,False,"Frost, Mr. Anthony Wood ""Archie""",N/A,male,239854,0.0
483,False,"Rouse, Mr. Richard Henry",50.0,male,A/5 3594,8.05
484,True,"Turkula, Mrs. (Hedwig)",63.0,female,4134,9.5875
485,True,"Bishop, Mr. Dickinson H",25.0,male,11967,91.0792
486,False,"Lefebre, Miss. Jeannie",N/A,female,4133,25.4667
487,True,"Hoyt, Mrs. Frederick Maxfield (Jane Anne Forby)",35.0,female,19943,90.0
488,False,"Kent, Mr. Edward Austin",58.0,male,11771,29.7
489,False,"Somerton, Mr. Francis William",30.0,male,A.5. 18509,8.05
490,True,"Coutts, Master. Eden Leslie ""Neville""",9.0,male,C.A. 37671,15.9
491,False,"Hagland, Mr. Konrad Mathias Reiersen",N/A,male,65304,19.9667
492,False,"Windelov, Mr. Einar",21.0,male,SOTON/OQ 3101317,7.25
493,False,"Molson, Mr. Harry Markland",55.0,male,113787,30.5
494,False,"Artagaveytia, Mr. Ramon",71.0,male,PC 17609,49.5042
495,False,"Stanley, Mr. Edward Roland",21.0,male,A/4 45380,8.05
496,False,"Yousseff, Mr. Gerious",N/A,male,2627,14.4583
497,True,"Eustis, Miss. Elizabeth Mussey",54.0,female,36947,78.2667
498,False,"Shellard, Mr. Frederick William",N/A,male,C.A. 6212,15.1
499,False,"Allison, Mrs. Hudson J C (Bessie Waldo Daniels)",25.0,female,113781,151.55
500,False,"Svensson, Mr. Olof",24.0,male,350035,7.7958
501,False,"Calic, Mr. Petar",17.0,male,315086,8.6625
502,False,"Canavan, Miss. Mary",21.0,female,364846,7.75
503,False,"O'Sullivan, Miss. Bridget Mary",N/A,female,330909,7.6292
504,False,"Laitinen, Miss. Kristina Sofia",37.0,female,4135,9.5875
505,True,"Maioni, Miss. Roberta",16.0,female,110152,86.5
506,False,"Penasco y Castellana, Mr. Victor de Satode",18.0,male,PC 17758,108.9
507,True,"Quick, Mrs. Frederick Charles (Jane Richards)",33.0,female,26360,26.0
508,True,"Bradley, Mr. George (""George Arthur Brayton"")",N/A,male,111427,26.55
509,False,"Olsen, Mr. Henry Margido",28.0,male,C 4001,22.525
510,True,"Lang, Mr. Fang",26.0,male,1601,56.4958
511,True,"Daly, Mr. Eugene Patrick",29.0,male,382651,7.75
512,False,"Webber, Mr. James",N/A,male,SOTON/OQ 3101316,8.05
513,True,"McGough, Mr. James Robert",36.0,male,PC 17473,26.2875
514,True,"Rothschild, Mrs. Martin (Elizabeth L. Barrett)",54.0,female,PC 17603,59.4
515,False,"Coleff, Mr. Satio",24.0,male,349209,7.4958
516,False,"Walker, Mr. William Anderson",47.0,male,36967,34.0208
517,True,"Lemore, Mrs. (Amelia Milley)",34.0,female,C.A. 34260,10.5
518,False,"Ryan, Mr. Patrick",N/A,male,371110,24.15
519,True,"Angle, Mrs. William A (Florence ""Mary"" Agnes Hughes)",36.0,female,226875,26.0
520,False,"Pavlovic, Mr. Stefo",32.0,male,349242,7.8958
521,True,"Perreault, Miss. Anne",30.0,female,12749,93.5
522,False,"Vovk, Mr. Janko",22.0,male,349252,7.8958
523,False,"Lahoud, Mr. Sarkis",N/A,male,2624,7.225
524,True,"Hippach, Mrs. Louis Albert (Ida Sophia Fischer)",44.0,female,111361,57.9792
525,False,"Kassem, Mr. Fared",N/A,male,2700,7.2292
526,False,"Farrell, Mr. James",40.5,male,367232,7.75
527,True,"Ridsdale, Miss. Lucy",50.0,female,W./C. 14258,10.5
528,False,"Farthing, Mr. John",N/A,male,PC 17483,221.7792
529,False,"Salonen, Mr. Johan Werner",39.0,male,3101296,7.925
530,False,"Hocking, Mr. Richard George",23.0,male,29104,11.5
531,True,"Quick, Miss. Phyllis May",2.0,female,26360,26.0
532,False,"Toufik, Mr. Nakli",N/A,male,2641,7.2292
533,False,"Elias, Mr. Joseph Jr",17.0,male,2690,7.2292
534,True,"Peter, Mrs. Catherine (Catherine Rizk)",N/A,female,2668,22.3583
535,False,"Cacic, Miss. Marija",30.0,female,315084,8.6625
536,True,"Hart, Miss. Eva Miriam",7.0,female,F.C.C. 13529,26.25
537,False,"Butt, Major. Archibald Willingham",45.0,male,113050,26.55
538,True,"LeRoy, Miss. Bertha",30.0,female,PC 17761,106.425
539,False,"Risien, Mr. Samuel Beard",N/A,male,364498,14.5
540,True,"Frolicher, Miss. Hedwig Margaritha",22.0,female,13568,49.5
541,True,"Crosby, Miss. Harriet R",36.0,female,WE/P 5735,71.0
542,False,"Andersson, Miss. Ingeborg Constanzia",9.0,female,347082,31.275
543,False,"Andersson, Miss. Sigrid Elisabeth",11.0,female,347082,31.275
544,True,"Beane, Mr. Edward",32.0,male,2908,26.0
545,False,"Douglas, Mr. Walter Donald",50.0,male,PC 17761,106.425
546,False,"Nicholson, Mr. Arthur Ernest",64.0,male,693,26.0
547,True,"Beane, Mrs. Edward (Ethel Clarke)",19.0,female,2908,26.0
548,True,"Padro y Manent, Mr. Julian",N/A,male,SC/PARIS 2146,13.8625
549,False,"Goldsmith, Mr. Frank John",33.0,male,363291,20.525
550,True,"Davies, Master. John Morgan Jr",8.0,male,C.A. 33112,36.75
551,True,"Thayer, Mr. John Borland Jr",17.0,male,17421,110.8833
552,False,"Sharp, Mr. Percival James R",27.0,male,244358,26.0
553,False,"O'Brien, Mr. Timothy",N/A,male,330979,7.8292
554,True,"Leeni, Mr. Fahim (""Philip Zenni"")",22.0,male,2620,7.225
555,True,"Ohman, Miss. Velin",22.0,female,347085,7.775
556,False,"Wright, Mr. George",62.0,male,113807,26.55
557,True,"Duff Gordon, Lady. (Lucille Christiana Sutherland) (""Mrs Morgan"")",48.0,female,11755,39.6
558,False,"Robbins, Mr. Victor",N/A,male,PC 17757,227.525
559,True,"Taussig, Mrs. Emil (Tillie Mandelbaum)",39.0,female,110413,79.65
560,True,"de Messemaeker, Mrs. Guillaume Joseph (Emma)",36.0,female,345572,17.4
561,False,"Morrow, Mr. Thomas Rowan",N/A,male,372622,7.75
562,False,"Sivic, Mr. Husein",40.0,male,349251,7.8958
563,False,"Norman, Mr. Robert Douglas",28.0,male,218629,13.5
564,False,"Simmons, Mr. John",N/A,male,SOTON/OQ 392082,8.05
565,False,"Meanwell, Miss. (Marion Ogden)",N/A,female,SOTON/O.Q. 392087,8.05
566,False,"Davies, Mr. Alfred J",24.0,male,A/4 48871,24.15
567,False,"Stoytcheff, Mr. Ilia",19.0,male,349205,7.8958
568,False,"Palsson, Mrs. Nils (Alma Cornelia Berglund)",29.0,female,349909,21.075
569,False,"Doharr, Mr. Tannous",N/A,male,2686,7.2292
570,True,"Jonsson, Mr. Carl",32.0,male,350417,7.8542
571,True,"Harris, Mr. George",62.0,male,S.W./PP 752,10.5
572,True,"Appleton, Mrs. Edward Dale (Charlotte Lamson)",53.0,female,11769,51.4792
573,True,"Flynn, Mr. John Irwin (""Irving"")",36.0,male,PC 17474,26.3875
574,True,"Kelly, Miss. Mary",N/A,female,14312,7.75
575,False,"Rush, Mr. Alfred George John",16.0,male,A/4. 20589,8.05
576,False,"Patchett, Mr. George",19.0,male,358585,14.5
577,True,"Garside, Miss. Ethel",34.0,female,243880,13.0
578,True,"Silvey, Mrs. William Baird (Alice Munger)",39.0,female,13507,55.9
579,False,"Caram, Mrs. Joseph (Maria Elias)",N/A,female,2689,14.4583
580,True,"Jussila, Mr. Eiriik",32.0,male,STON/O 2. 3101286,7.925
581,True,"Christy, Miss. Julie Rachel",25.0,female,237789,30.0
582,True,"Thayer, Mrs. John Borland (Marian Longstreth Morris)",39.0,female,17421,110.8833
583,False,"Downton, Mr. William James",54.0,male,28403,26.0
584,False,"Ross, Mr. John Hugo",36.0,male,13049,40.125
585,False,"Paulner, Mr. Uscher",N/A,male,3411,8.7125
586,True,"Taussig, Miss. Ruth",18.0,female,110413,79.65
587,False,"Jarvis, Mr. John Denzil",47.0,male,237565,15.0
588,True,"Frolicher-Stehli, Mr. Maxmillian",60.0,male,13567,79.2
589,False,"Gilinski, Mr. Eliezer",22.0,male,14973,8.05
590,False,"Murdlin, Mr. Joseph",N/A,male,A./5. 3235,8.05
591,False,"Rintamaki, Mr. Matti",35.0,male,STON/O 2. 3101273,7.125
592,True,"Stephenson, Mrs. Walter Bertram (Martha Eustis)",52.0,female,36947,78.2667
593,False,"Elsbury, Mr. William James",47.0,male,A/5 3902,7.25
594,False,"Bourke, Miss. Mary",N/A,female,364848,7.75
595,False,"Chapman, Mr. John Henry",37.0,male,SC/AH 29037,26.0
596,False,"Van Impe, Mr. Jean Baptiste",36.0,male,345773,24.15
597,True,"Leitch, Miss. Jessie Wills",N/A,female,248727,33.0
598,False,"Johnson, Mr. Alfred",49.0,male,LINE,0.0
599,False,"Boulos, Mr. Hanna",N/A,male,2664,7.225
600,True,"Duff Gordon, Sir. Cosmo Edmund (""Mr Morgan"")",49.0,male,PC 17485,56.9292
601,True,"Jacobsohn, Mrs. Sidney Samuel (Amy Frances Christy)",24.0,female,243847,27.0
602,False,"Slabenoff, Mr. Petco",N/A,male,349214,7.8958
603,False,"Harrington, Mr. Charles H",N/A,male,113796,42.4
604,False,"Torber, Mr. Ernst William",44.0,male,364511,8.05
605,True,"Homer, Mr. Harry (""Mr E Haven"")",35.0,male,111426,26.55
606,False,"Lindell, Mr. Edvard Bengtsson",36.0,male,349910,15.55
607,False,"Karaic, Mr. Milan",30.0,male,349246,7.8958
608,True,"Daniel, Mr. Robert Williams",27.0,male,113804,30.5
609,True,"Laroche, Mrs. Joseph (Juliette Marie Louise Lafargue)",22.0,female,SC/Paris 2123,41.5792
610,True,"Shutes, Miss. Elizabeth W",40.0,female,PC 17582,153.4625
611,False,"Andersson, Mrs. Anders Johan (Alfrida Konstantia Brogren)",39.0,female,347082,31.275
612,False,"Jardin, Mr. Jose Neto",N/A,male,SOTON/O.Q. 3101305,7.05
613,True,"Murphy, Miss. Margaret Jane",N/A,female,367230,15.5
614,False,"Horgan, Mr. John",N/A,male,370377,7.75
615,False,"Brocklebank, Mr. William Alfred",35.0,male,364512,8.05
616,True,"Herman, Miss. Alice",24.0,female,220845,65.0
617,False,"Danbom, Mr. Ernst Gilbert",34.0,male,347080,14.4
618,False,"Lobb, Mrs. William Arthur (Cordelia K Stanlick)",26.0,female,A/5. 3336,16.1
619,True,"Becker, Miss. Marion Louise",4.0,female,230136,39.0
620,False,"Gavey, Mr. Lawrence",26.0,male,31028,10.5
621,False,"Yasbeck, Mr. Antoni",27.0,male,2659,14.4542
622,True,"Kimball, Mr. Edwin Nelson Jr",42.0,male,11753,52.5542
623,True,"Nakid, Mr. Sahid",20.0,male,2653,15.7417
624,False,"Hansen, Mr. Henry Damsgaard",21.0,male,350029,7.8542
625,False,"Bowen, Mr. David John ""Dai""",21.0,male,54636,16.1
626,False,"Sutton, Mr. Frederick",61.0,male,36963,32.3208
627,False,"Kirkland, Rev. Charles Leonard",57.0,male,219533,12.35
628,True,"Longley, Miss. Gretchen Fiske",21.0,female,13502,77.9583
629,False,"Bostandyeff, Mr. Guentcho",26.0,male,349224,7.8958
630,False,"O'Connell, Mr. Patrick D",N/A,male,334912,7.7333
631,True,"Barkworth, Mr. Algernon Henry Wilson",80.0,male,27042,30.0
632,False,"Lundahl, Mr. Johan Svensson",51.0,male,347743,7.0542
633,True,"Stahelin-Maeglin, Dr. Max",32.0,male,13214,30.5
634,False,"Parr, Mr. William Henry Marsh",N/A,male,112052,0.0
635,False,"Skoog, Miss. Mabel",9.0,female,347088,27.9
636,True,"Davis, Miss. Mary",28.0,female,237668,13.0
637,False,"Leinonen, Mr. Antti Gustaf",32.0,male,STON/O 2. 3101292,7.925
638,False,"Collyer, Mr. Harvey",31.0,male,C.A. 31921,26.25
639,False,"Panula, Mrs. Juha (Maria Emilia Ojala)",41.0,female,3101295,39.6875
640,False,"Thorneycroft, Mr. Percival",N/A,male,376564,16.1
641,False,"Jensen, Mr. Hans Peder",20.0,male,350050,7.8542
642,True,"Sagesser, Mlle. Emma",24.0,female,PC 17477,69.3
643,False,"Skoog, Miss. Margit Elizabeth",2.0,female,347088,27.9
644,True,"Foo, Mr. Choong",N/A,male,1601,56.4958
645,True,"Baclini, Miss. Eugenie",0.75,female,2666,19.2583
646,True,"Harper, Mr. Henry Sleeper",48.0,male,PC 17572,76.7292
647,False,"Cor, Mr. Liudevit",19.0,male,349231,7.8958
648,True,"Simonius-Blumer, Col. Oberst Alfons",56.0,male,13213,35.5
649,False,"Willey, Mr. Edward",N/A,male,S.O./P.P. 751,7.55
650,True,"Stanley, Miss. Amy Zillah Elsie",23.0,female,CA. 2314,7.55
651,False,"Mitkoff, Mr. Mito",N/A,male,349221,7.8958
652,True,"Doling, Miss. Elsie",18.0,female,231919,23.0
653,False,"Kalvik, Mr. Johannes Halvorsen",21.0,male,8475,8.4333
654,True,"O'Leary, Miss. Hanora ""Norah""",N/A,female,330919,7.8292
655,False,"Hegarty, Miss. Hanora ""Nora""",18.0,female,365226,6.75
656,False,"Hickman, Mr. Leonard Mark",24.0,male,S.O.C. 14879,73.5
657,False,"Radeff, Mr. Alexander",N/A,male,349223,7.8958
658,False,"Bourke, Mrs. John (Catherine)",32.0,female,364849,15.5
659,False,"Eitemiller, Mr. George Floyd",23.0,male,29751,13.0
660,False,"Newell, Mr. Arthur Webster",58.0,male,35273,113.275
661,True,"Frauenthal, Dr. Henry William",50.0,male,PC 17611,133.65
662,False,"Badt, Mr. Mohamed",40.0,male,2623,7.225
663,False,"Colley, Mr. Edward Pomeroy",47.0,male,5727,25.5875
664,False,"Coleff, Mr. Peju",36.0,male,349210,7.4958
665,True,"Lindqvist, Mr. Eino William",20.0,male,STON/O 2. 3101285,7.925
666,False,"Hickman, Mr. Lewis",32.0,male,S.O.C. 14879,73.5
667,False,"Butler, Mr. Reginald Fenton",25.0,male,234686,13.0
668,False,"Rommetvedt, Mr. Knud Paust",N/A,male,312993,7.775
669,False,"Cook, Mr. Jacob",43.0,male,A/5 3536,8.05
670,True,"Taylor, Mrs. Elmer Zebley (Juliet Cummins Wright)",N/A,female,19996,52.0
671,True,"Brown, Mrs. Thomas William Solomon (Elizabeth Catherine Ford)",40.0,female,29750,39.0
672,False,"Davidson, Mr. Thornton",31.0,male,F.C. 12750,52.0
673,False,"Mitchell, Mr. Henry Michael",70.0,male,C.A. 24580,10.5
674,True,"Wilhelms, Mr. Charles",31.0,male,244270,13.0
675,False,"Watson, Mr. Ennis Hastings",N/A,male,239856,0.0
676,False,"Edvardsson, Mr. Gustaf Hjalmar",18.0,male,349912,7.775
677,False,"Sawyer, Mr. Frederick Charles",24.5,male,342826,8.05
678,True,"Turja, Miss. Anna Sofia",18.0,female,4138,9.8417
679,False,"Goodwin, Mrs. Frederick (Augusta Tyler)",43.0,female,CA 2144,46.9
680,True,"Cardeza, Mr. Thomas Drake Martinez",36.0,male,PC 17755,512.3292
681,False,"Peters, Miss. Katie",N/A,female,330935,8.1375
682,True,"Hassab, Mr. Hammad",27.0,male,PC 17572,76.7292
683,False,"Olsvigen, Mr. Thor Anderson",20.0,male,6563,9.225
684,False,"Goodwin, Mr. Charles Edward",14.0,male,CA 2144,46.9
685,False,"Brown, Mr. Thomas William Solomon",60.0,male,29750,39.0
686,False,"Laroche, Mr. Joseph Philippe Lemercier",25.0,male,SC/Paris 2123,41.5792
687,False,"Panula, Mr. Jaako Arnold",14.0,male,3101295,39.6875
688,False,"Dakic, Mr. Branko",19.0,male,349228,10.1708
689,False,"Fischer, Mr. Eberhard Thelander",18.0,male,350036,7.7958
690,True,"Madill, Miss. Georgette Alexandra",15.0,female,24160,211.3375
691,True,"Dick, Mr. Albert Adrian",31.0,male,17474,57.0
692,True,"Karun, Miss. Manca",4.0,female,349256,13.4167
693,True,"Lam, Mr. Ali",N/A,male,1601,56.4958
694,False,"Saad, Mr. Khalil",25.0,male,2672,7.225
695,False,"Weir, Col. John",60.0,male,113800,26.55
696,False,"Chapman, Mr. Charles Henry",52.0,male,248731,13.5
697,False,"Kelly, Mr. James",44.0,male,363592,8.05
698,True,"Mullens, Miss. Katherine ""Katie""",N/A,female,35852,7.7333
699,False,"Thayer, Mr. John Borland",49.0,male,17421,110.8833
700,False,"Humblen, Mr. Adolf Mathias Nicolai Olsen",42.0,male,348121,7.65
701,True,"Astor, Mrs. John Jacob (Madeleine Talmadge Force)",18.0,female,PC 17757,227.525
702,True,"Silverthorne, Mr. Spencer Victor",35.0,male,PC 17475,26.2875
703,False,"Barbara, Miss. Saiide",18.0,female,2691,14.4542
704,False,"Gallagher, Mr. Martin",25.0,male,36864,7.7417
705,False,"Hansen, Mr. Henrik Juul",26.0,male,350025,7.8542
706,False,"Morley, Mr. Henry Samuel (""Mr Henry Marshall"")",39.0,male,250655,26.0
707,True,"Kelly, Mrs. Florence ""Fannie""",45.0,female,223596,13.5
708,True,"Calderhead, Mr. Edward Pennington",42.0,male,PC 17476,26.2875
709,True,"Cleaver, Miss. Alice",22.0,female,113781,151.55
710,True,"Moubarek, Master. Halim Gonios (""William George"")",N/A,male,2661,15.2458
711,True,"Mayne, Mlle. Berthe Antonine (""Mrs de Villiers"")",24.0,female,PC 17482,49.5042
712,False,"Klaber, Mr. Herman",N/A,male,113028,26.55
713,True,"Taylor, Mr. Elmer Zebley",48.0,male,19996,52.0
714,False,"Larsson, Mr. August Viktor",29.0,male,7545,9.4833
715,False,"Greenberg, Mr. Samuel",52.0,male,250647,13.0
716,False,"Soholt, Mr. Peter Andreas Lauritz Andersen",19.0,male,348124,7.65
717,True,"Endres, Miss. Caroline Louise",38.0,female,PC 17757,227.525
718,True,"Troutt, Miss. Edwina Celia ""Winnie""",27.0,female,34218,10.5
719,False,"McEvoy, Mr. Michael",N/A,male,36568,15.5
720,False,"Johnson, Mr. Malkolm Joackim",33.0,male,347062,7.775
721,True,"Harper, Miss. Annie Jessie ""Nina""",6.0,female,248727,33.0
722,False,"Jensen, Mr. Svend Lauritz",17.0,male,350048,7.0542
723,False,"Gillespie, Mr. William Henry",34.0,male,12233,13.0
724,False,"Hodges, Mr. Henry Price",50.0,male,250643,13.0
725,True,"Chambers, Mr. Norman Campbell",27.0,male,113806,53.1
726,False,"Oreskovic, Mr. Luka",20.0,male,315094,8.6625
727,True,"Renouf, Mrs. Peter Henry (Lillian Jefferys)",30.0,female,31027,21.0
728,True,"Mannion, Miss. Margareth",N/A,female,36866,7.7375
729,False,"Bryhl, Mr. Kurt Arnold Gottfrid",25.0,male,236853,26.0
730,False,"Ilmakangas, Miss. Pieta Sofia",25.0,female,STON/O2. 3101271,7.925
731,True,"Allen, Miss. Elisabeth Walton",29.0,female,24160,211.3375
732,False,"Hassan, Mr. Houssein G N",11.0,male,2699,18.7875
733,False,"Knight, Mr. Robert J",N/A,male,239855,0.0
734,False,"Berriman, Mr. William John",23.0,male,28425,13.0
735,False,"Troupiansky, Mr. Moses Aaron",23.0,male,233639,13.0
736,False,"Williams, Mr. Leslie",28.5,male,54636,16.1
737,False,"Ford, Mrs. Edward (Margaret Ann Watson)",48.0,female,W./C. 6608,34.375
738,True,"Lesurer, Mr. Gustave J",35.0,male,PC 17755,512.3292
739,False,"Ivanoff, Mr. Kanio",N/A,male,349201,7.8958
740,False,"Nankoff, Mr. Minko",N/A,male,349218,7.8958
741,True,"Hawksford, Mr. Walter James",N/A,male,16988,30.0
742,False,"Cavendish, Mr. Tyrell William",36.0,male,19877,78.85
743,True,"Ryerson, Miss. Susan Parker ""Suzette""",21.0,female,PC 17608,262.375
744,False,"McNamee, Mr. Neal",24.0,male,376566,16.1
745,True,"Stranden, Mr. Juho",31.0,male,STON/O 2. 3101288,7.925
746,False,"Crosby, Capt. Edward Gifford",70.0,male,WE/P 5735,71.0
747,False,"Abbott, Mr. Rossmore Edward",16.0,male,C.A. 2673,20.25
748,True,"Sinkkonen, Miss. Anna",30.0,female,250648,13.0
749,False,"Marvin, Mr. Daniel Warner",19.0,male,113773,53.1
750,False,"Connaghton, Mr. Michael",31.0,male,335097,7.75
751,True,"Wells, Miss. Joan",4.0,female,29103,23.0
752,True,"Moor, Master. Meier",6.0,male,392096,12.475
753,False,"Vande Velde, Mr. Johannes Joseph",33.0,male,345780,9.5
754,False,"Jonkoff, Mr. Lalio",23.0,male,349204,7.8958
755,True,"Herman, Mrs. Samuel (Jane Laver)",48.0,female,220845,65.0
756,True,"Hamalainen, Master. Viljo",0.67,male,250649,14.5
757,False,"Carlsson, Mr. August Sigfrid",28.0,male,350042,7.7958
758,False,"Bailey, Mr. Percy Andrew",18.0,male,29108,11.5
759,False,"Theobald, Mr. Thomas Leonard",34.0,male,363294,8.05
760,True,"Rothes, the Countess. of (Lucy Noel Martha Dyer-Edwards)",33.0,female,110152,86.5
761,False,"Garfirth, Mr. John",N/A,male,358585,14.5
762,False,"Nirva, Mr. Iisakki Antino Aijo",41.0,male,SOTON/O2 3101272,7.125
763,True,"Barah, Mr. Hanna Assi",20.0,male,2663,7.2292
764,True,"Carter, Mrs. William Ernest (Lucile Polk)",36.0,female,113760,120.0
765,False,"Eklund, Mr. Hans Linus",16.0,male,347074,7.775
766,True,"Hogeboom, Mrs. John C (Anna Andrews)",51.0,female,13502,77.9583
767,False,"Brewe, Dr. Arthur Jackson",N/A,male,112379,39.6
768,False,"Mangan, Miss. Mary",30.5,female,364850,7.75
769,False,"Moran, Mr. Daniel J",N/A,male,371110,24.15
770,False,"Gronnestad, Mr. Daniel Danielsen",32.0,male,8471,8.3625
771,False,"Lievens, Mr. Rene Aime",24.0,male,345781,9.5
772,False,"Jensen, Mr. Niels Peder",48.0,male,350047,7.8542
773,False,"Mack, Mrs. (Mary)",57.0,female,S.O./P.P. 3,10.5
774,False,"Elias, Mr. Dibo",N/A,male,2674,7.225
775,True,"Hocking, Mrs. Elizabeth (Eliza Needs)",54.0,female,29105,23.0
776,False,"Myhrman, Mr. Pehr Fabian Oliver Malkolm",18.0,male,347078,7.75
777,False,"Tobin, Mr. Roger",N/A,male,383121,7.75
778,True,"Emanuel, Miss. Virginia Ethel",5.0,female,364516,12.475
779,False,"Kilgannon, Mr. Thomas J",N/A,male,36865,7.7375
780,True,"Robert, Mrs. Edward Scott (Elisabeth Walton McMillan)",43.0,female,24160,211.3375
781,True,"Ayoub, Miss. Banoura",13.0,female,2687,7.2292
782,True,"Dick, Mrs. Albert Adrian (Vera Gillespie)",17.0,female,17474,57.0
783,False,"Long, Mr. Milton Clyde",29.0,male,113501,30.0
784,False,"Johnston, Mr. Andrew G",N/A,male,W./C. 6607,23.45
785,False,"Ali, Mr. William",25.0,male,SOTON/O.Q. 3101312,7.05
786,False,"Harmer, Mr. Abraham (David Lishin)",25.0,male,374887,7.25
787,True,"Sjoblom, Miss. Anna Sofia",18.0,female,3101265,7.4958
788,False,"Rice, Master. George Hugh",8.0,male,382652,29.125
789,True,"Dean, Master. Bertram Vere",1.0,male,C.A. 2315,20.575
790,False,"Guggenheim, Mr. Benjamin",46.0,male,PC 17593,79.2
791,False,"Keane, Mr. Andrew ""Andy""",N/A,male,12460,7.75
792,False,"Gaskell, Mr. Alfred",16.0,male,239865,26.0
793,False,"Sage, Miss. Stella Anna",N/A,female,CA. 2343,69.55
794,False,"Hoyt, Mr. William Fisher",N/A,male,PC 17600,30.6958
795,False,"Dantcheff, Mr. Ristiu",25.0,male,349203,7.8958
796,False,"Otter, Mr. Richard",39.0,male,28213,13.0
797,True,"Leader, Dr. Alice (Farnham)",49.0,female,17465,25.9292
798,True,"Osman, Mrs. Mara",31.0,female,349244,8.6833
799,False,"Ibrahim Shawah, Mr. Yousseff",30.0,male,2685,7.2292
800,False,"Van Impe, Mrs. Jean Baptiste (Rosalie Paula Govaert)",30.0,female,345773,24.15
801,False,"Ponesell, Mr. Martin",34.0,male,250647,13.0
802,True,"Collyer, Mrs. Harvey (Charlotte Annie Tate)",31.0,female,C.A. 31921,26.25
803,True,"Carter, Master. William Thornton II",11.0,male,113760,120.0
804,True,"Thomas, Master. Assad Alexander",0.42,male,2625,8.5167
805,True,"Hedman, Mr. Oskar Arvid",27.0,male,347089,6.975
806,False,"Johansson, Mr. Karl Johan",31.0,male,347063,7.775
807,False,"Andrews, Mr. Thomas Jr",39.0,male,112050,0.0
808,False,"Pettersson, Miss. Ellen Natalia",18.0,female,347087,7.775
809,False,"Meyer, Mr. August",39.0,male,248723,13.0
810,True,"Chambers, Mrs. Norman Campbell (Bertha Griggs)",33.0,female,113806,53.1
811,False,"Alexander, Mr. William",26.0,male,3474,7.8875
812,False,"Lester, Mr. James",39.0,male,A/4 48871,24.15
813,False,"Slemen, Mr. Richard James",35.0,male,28206,10.5
814,False,"Andersson, Miss. Ebba Iris Alfrida",6.0,female,347082,31.275
815,False,"Tomlin, Mr. Ernest Portage",30.5,male,364499,8.05
816,False,"Fry, Mr. Richard",N/A,male,112058,0.0
817,False,"Heininen, Miss. Wendla Maria",23.0,female,STON/O2. 3101290,7.925
818,False,"Mallet, Mr. Albert",31.0,male,S.C./PARIS 2079,37.0042
819,False,"Holm, Mr. John Fredrik Alexander",43.0,male,C 7075,6.45
820,False,"Skoog, Master. Karl Thorsten",10.0,male,347088,27.9
821,True,"Hays, Mrs. Charles Melville (Clara Jennings Gregg)",52.0,female,12749,93.5
822,True,"Lulic, Mr. Nikola",27.0,male,315098,8.6625
823,False,"Reuchlin, Jonkheer. John George",38.0,male,19972,0.0
824,True,"Moor, Mrs. (Beila)",27.0,female,392096,12.475
825,False,"Panula, Master. Urho Abraham",2.0,male,3101295,39.6875
826,False,"Flynn, Mr. John",N/A,male,368323,6.95
827,False,"Lam, Mr. Len",N/A,male,1601,56.4958
828,True,"Mallet, Master. Andre",1.0,male,S.C./PARIS 2079,37.0042
829,True,"McCormack, Mr. Thomas Joseph",N/A,male,367228,7.75
830,True,"Stone, Mrs. George Nelson (Martha Evelyn)",62.0,female,113572,80.0
831,True,"Yasbeck, Mrs. Antoni (Selini Alexander)",15.0,female,2659,14.4542
832,True,"Richards, Master. George Sibley",0.83,male,29106,18.75
833,False,"Saad, Mr. Amin",N/A,male,2671,7.2292
834,False,"Augustsson, Mr. Albert",23.0,male,347468,7.8542
835,False,"Allum, Mr. Owen George",18.0,male,2223,8.3
836,True,"Compton, Miss. Sara Rebecca",39.0,female,PC 17756,83.1583
837,False,"Pasic, Mr. Jakob",21.0,male,315097,8.6625
838,False,"Sirota, Mr. Maurice",N/A,male,392092,8.05
839,True,"Chip, Mr. Chang",32.0,male,1601,56.4958
840,True,"Marechal, Mr. Pierre",N/A,male,11774,29.7
841,False,"Alhomaki, Mr. Ilmari Rudolf",20.0,male,SOTON/O2 3101287,7.925
842,False,"Mudd, Mr. Thomas Charles",16.0,male,S.O./P.P. 3,10.5
843,True,"Serepeca, Miss. Augusta",30.0,female,113798,31.0
844,False,"Lemberopolous, Mr. Peter L",34.5,male,2683,6.4375
845,False,"Culumovic, Mr. Jeso",17.0,male,315090,8.6625
846,False,"Abbing, Mr. Anthony",42.0,male,C.A. 5547,7.55
847,False,"Sage, Mr. Douglas Bullen",N/A,male,CA. 2343,69.55
848,False,"Markoff, Mr. Marin",35.0,male,349213,7.8958
849,False,"Harper, Rev. John",28.0,male,248727,33.0
850,True,"Goldenberg, Mrs. Samuel L (Edwiga Grabowska)",N/A,female,17453,89.1042
851,False,"Andersson, Master. Sigvard Harald Elias",4.0,male,347082,31.275
852,False,"Svensson, Mr. Johan",74.0,male,347060,7.775
853,False,"Boulos, Miss. Nourelain",9.0,female,2678,15.2458
854,True,"Lines, Miss. Mary Conover",16.0,female,PC 17592,39.4
855,False,"Carter, Mrs. Ernest Courtenay (Lilian Hughes)",44.0,female,244252,26.0
856,True,"Aks, Mrs. Sam (Leah Rosen)",18.0,female,392091,9.35
857,True,"Wick, Mrs. George Dennick (Mary Hitchcock)",45.0,female,36928,164.8667
858,True,"Daly, Mr. Peter Denis ",51.0,male,113055,26.55
859,True,"Baclini, Mrs. Solomon (Latifa Qurban)",24.0,female,2666,19.2583
860,False,"Razi, Mr. Raihed",N/A,male,2629,7.2292
861,False,"Hansen, Mr. Claus Peter",41.0,male,350026,14.1083
862,False,"Giles, Mr. Frederick Edward",21.0,male,28134,11.5
863,True,"Swift, Mrs. Frederick Joel (Margaret Welles Barron)",48.0,female,17466,25.9292
864,False,"Sage, Miss. Dorothy Edith ""Dolly""",N/A,female,CA. 2343,69.55
865,False,"Gill, Mr. John William",24.0,male,233866,13.0
866,True,"Bystrom, Mrs. (Karolina)",42.0,female,236852,13.0
867,True,"Duran y More, Miss. Asuncion",27.0,female,SC/PARIS 2149,13.8583
868,False,"Roebling, Mr. Washington Augustus II",31.0,male,PC 17590,50.4958
869,False,"van Melkebeke, Mr. Philemon",N/A,male,345777,9.5
870,True,"Johnson, Master. Harold Theodor",4.0,male,347742,11.1333
871,False,"Balkic, Mr. Cerin",26.0,male,349248,7.8958
872,True,"Beckwith, Mrs. Richard Leonard (Sallie Monypeny)",47.0,female,11751,52.5542
873,False,"Carlsson, Mr. Frans Olof",33.0,male,695,5.0
874,False,"Vander Cruyssen, Mr. Victor",47.0,male,345765,9.0
875,True,"Abelson, Mrs. Samuel (Hannah Wizosky)",28.0,female,P/PP 3381,24.0
876,True,"Najib, Miss. Adele Kiamie ""Jane""",15.0,female,2667,7.225
877,False,"Gustafsson, Mr. Alfred Ossian",20.0,male,7534,9.8458
878,False,"Petroff, Mr. Nedelio",19.0,male,349212,7.8958
879,False,"Laleff, Mr. Kristo",N/A,male,349217,7.8958
880,True,"Potter, Mrs. Thomas Jr (Lily Alexenia Wilson)",56.0,female,11767,83.1583
881,True,"Shelley, Mrs. William (Imanita Parrish Hall)",25.0,female,230433,26.0
882,False,"Markun, Mr. Johann",33.0,male,349257,7.8958
883,False,"Dahlberg, Miss. Gerda Ulrika",22.0,female,7552,10.5167
884,False,"Banfield, Mr. Frederick James",28.0,male,C.A./SOTON 34068,10.5
885,False,"Sutehall, Mr. Henry Jr",25.0,male,SOTON/OQ 392076,7.05
886,False,"Rice, Mrs. William (Margaret Norton)",39.0,female,382652,29.125
887,False,"Montvila, Rev. Juozas",27.0,male,211536,13.0
888,True,"Graham, Miss. Margaret Edith",19.0,female,112053,30.0
889,False,"Johnston, Miss. Catherine Helen ""Carrie""",N/A,female,W./C. 6607,23.45
890,True,"Behr, Mr. Karl Howell",26.0,male,111369,30.0
891,False,"Dooley, Mr. Patrick",32.0,male,370376,7.75
